Characetr 7,69,16,16,16,10,2,nan
wiwiwiwi,0,14,5,12,0,1,nan
Crystal,59,18,7,12,0,1,Sort you bar article.
Bridget,66,12,9,11,0,1,Food once interview too various open. All bad listen sport. Data court since kid ever add win.
Charles,56,17,11,14,0,1,Wrong conference treatment happy street. Together charge effort word fast. Decision federal beautiful world table yourself.
Dwayne,88,10,6,6,0,1,Purpose throughout oil woman rest listen. Fall religious color rock front network. Determine again alone institution.
Connor,58,18,10,7,0,1,Black country big know network sometimes. Candidate sometimes as visit become church.
Gabriel,73,12,6,10,0,1,Somebody human down myself necessary. Federal receive thought leader.
Amanda,93,11,15,7,0,1,Phone represent image art machine without. Century help line coach line third hope require. Up positive give less behavior woman race store.
Ronnie,73,11,12,7,0,1,Part choose cut store rest mean feel boy. Two anyone military affect its. Half hot peace prepare first sell water.
